iteration,reward_mean,length_mean,games,loss
500,-1.0,2.0,9,"[array(-1.13179599), array(-1.20475471), array(0.07295872, dtype=float32)]"
1000,-1.0,2.0,8,"[array(-1.18469378), array(-1.2578824), array(0.07318863, dtype=float32)]"
1500,-1.0,2.0,9,"[array(-1.28638672), array(-1.36931041), array(0.08292368, dtype=float32)]"
2000,-1.0,2.0,10,"[array(-1.23730775), array(-1.31001097), array(0.07270322, dtype=float32)]"
2500,-1.0,2.0,9,"[array(-1.25106029), array(-1.32606744), array(0.07500715, dtype=float32)]"
3000,-0.88,2.12,8,"[array(-1.26886965), array(-1.34979506), array(0.08092541, dtype=float32)]"
3500,-1.0,2.0,9,"[array(-1.31290814), array(-1.40749717), array(0.09458903, dtype=float32)]"
4000,-0.91,2.09,11,"[array(-1.23188665), array(-1.30986719), array(0.07798054, dtype=float32)]"
4500,-1.0,2.0,9,"[array(-1.24969711), array(-1.3246956), array(0.07499848, dtype=float32)]"
5000,-1.0,2.0,8,"[array(-1.3448774), array(-1.4316015), array(0.0867241, dtype=float32)]"
5500,-1.0,2.0,9,"[array(-1.29600877), array(-1.36413694), array(0.06812818, dtype=float32)]"
6000,-1.0,2.0,8,"[array(-1.25343654), array(-1.32846627), array(0.07502974, dtype=float32)]"
6500,-0.88,2.12,8,"[array(-1.15237344), array(-1.22654388), array(0.07417044, dtype=float32)]"
7000,-1.0,2.0,9,"[array(-1.35748824), array(-1.42892501), array(0.07143678, dtype=float32)]"
7500,-1.0,2.0,9,"[array(-1.22523225), array(-1.30635646), array(0.08112422, dtype=float32)]"
8000,-1.0,2.0,10,"[array(-1.27096067), array(-1.35127692), array(0.08031625, dtype=float32)]"
8500,-0.89,2.11,9,"[array(-1.33891996), array(-1.40545703), array(0.06653707, dtype=float32)]"
9000,-0.89,2.11,9,"[array(-1.14347988), array(-1.21864073), array(0.07516085, dtype=float32)]"
9500,-1.0,2.0,10,"[array(-1.07937675), array(-1.17281564), array(0.09343889, dtype=float32)]"
10000,-1.0,2.0,9,"[array(-1.29882287), array(-1.38424039), array(0.08541752, dtype=float32)]"
10500,-1.0,2.0,9,"[array(-1.07033271), array(-1.16140245), array(0.09106974, dtype=float32)]"
11000,-1.0,2.0,8,"[array(-1.31431197), array(-1.3910641), array(0.07675213, dtype=float32)]"
11500,-1.0,2.0,8,"[array(-1.28250999), array(-1.34974242), array(0.06723243, dtype=float32)]"
12000,-1.0,2.0,10,"[array(-1.14777491), array(-1.21897895), array(0.07120404, dtype=float32)]"
12500,-1.0,2.0,9,"[array(-1.22311656), array(-1.30486009), array(0.08174352, dtype=float32)]"
13000,-1.0,2.0,10,"[array(-1.21216526), array(-1.28899131), array(0.07682606, dtype=float32)]"
13500,-1.0,2.0,8,"[array(-1.16696), array(-1.25623093), array(0.08927093, dtype=float32)]"
14000,-0.82,2.18,11,"[array(-1.3198541), array(-1.3870962), array(0.0672421, dtype=float32)]"
14500,-1.0,2.0,9,"[array(-1.26567633), array(-1.34550045), array(0.07982412, dtype=float32)]"
15000,-0.88,2.12,8,"[array(-1.22952613), array(-1.30906016), array(0.07953403, dtype=float32)]"
15500,-1.0,2.0,11,"[array(-1.31103792), array(-1.39110811), array(0.0800702, dtype=float32)]"
16000,-1.0,2.0,9,"[array(-1.37596313), array(-1.44868824), array(0.07272511, dtype=float32)]"
16500,-1.0,2.0,8,"[array(-1.35500763), array(-1.42872946), array(0.07372183, dtype=float32)]"
17000,-1.0,2.0,8,"[array(-1.27953717), array(-1.3524563), array(0.07291912, dtype=float32)]"
17500,-1.0,2.0,13,"[array(-1.22780789), array(-1.3021427), array(0.07433481, dtype=float32)]"
18000,-0.88,2.12,8,"[array(-1.19776515), array(-1.27828244), array(0.08051729, dtype=float32)]"
18500,-1.0,2.0,8,"[array(-1.36430432), array(-1.45120953), array(0.0869052, dtype=float32)]"
19000,-1.0,2.0,11,"[array(-1.31343175), array(-1.38463387), array(0.07120212, dtype=float32)]"
19500,-1.0,2.0,11,"[array(-1.11612234), array(-1.19660943), array(0.08048709, dtype=float32)]"
20000,-1.0,2.0,8,"[array(-1.21100306), array(-1.27480481), array(0.06380175, dtype=float32)]"
20500,-1.0,2.0,8,"[array(-1.32083855), array(-1.3975874), array(0.07674885, dtype=float32)]"
21000,-1.0,2.0,9,"[array(-1.26805049), array(-1.34567031), array(0.07761982, dtype=float32)]"
21500,-1.0,2.0,9,"[array(-1.26251093), array(-1.34010787), array(0.07759694, dtype=float32)]"
22000,-1.0,2.0,8,"[array(-1.32262807), array(-1.41302251), array(0.09039444, dtype=float32)]"
22500,-1.0,2.0,10,"[array(-1.27771766), array(-1.35701135), array(0.07929368, dtype=float32)]"
23000,-1.0,2.0,8,"[array(-1.27738735), array(-1.34639002), array(0.06900267, dtype=float32)]"
23500,-1.0,2.0,8,"[array(-1.18825493), array(-1.2578409), array(0.06958596, dtype=float32)]"
24000,-0.92,2.08,12,"[array(-1.28133855), array(-1.3522884), array(0.07094985, dtype=float32)]"
24500,-0.88,2.12,8,"[array(-1.26988055), array(-1.35734293), array(0.08746238, dtype=float32)]"
25000,-1.0,2.0,8,"[array(-1.23834235), array(-1.3072025), array(0.06886014, dtype=float32)]"
25500,-0.62,2.38,8,"[array(-1.28977735), array(-1.36752055), array(0.0777432, dtype=float32)]"
26000,-1.0,2.0,9,"[array(-1.17975502), array(-1.25798262), array(0.07822759, dtype=float32)]"
26500,-0.75,2.25,8,"[array(-1.22703264), array(-1.29149891), array(0.06446628, dtype=float32)]"
27000,-0.88,2.12,8,"[array(-1.3743001), array(-1.439832), array(0.06553189, dtype=float32)]"
27500,-1.0,2.0,8,"[array(-1.22559979), array(-1.30357142), array(0.07797164, dtype=float32)]"
28000,-1.0,2.0,8,"[array(-1.25567406), array(-1.32849722), array(0.07282316, dtype=float32)]"
28500,-1.0,2.0,8,"[array(-1.17206548), array(-1.23805869), array(0.06599321, dtype=float32)]"
29000,-1.0,2.0,10,"[array(-1.25445002), array(-1.33047595), array(0.07602593, dtype=float32)]"
29500,-1.0,2.0,8,"[array(-1.27646021), array(-1.34949389), array(0.07303368, dtype=float32)]"
30000,-0.89,2.11,9,"[array(-1.31823548), array(-1.38845819), array(0.07022271, dtype=float32)]"
30500,-1.0,2.0,10,"[array(-1.30145421), array(-1.37668747), array(0.07523327, dtype=float32)]"
31000,-1.0,2.0,9,"[array(-1.26802056), array(-1.35810012), array(0.09007955, dtype=float32)]"
31500,-1.0,2.0,9,"[array(-1.28249919), array(-1.34973028), array(0.06723108, dtype=float32)]"
32000,-0.91,2.09,11,"[array(-1.35597773), array(-1.42640139), array(0.07042366, dtype=float32)]"
32500,-0.89,2.11,9,"[array(-1.27990601), array(-1.34987672), array(0.06997071, dtype=float32)]"
33000,-1.0,2.0,10,"[array(-1.22797143), array(-1.31871972), array(0.0907483, dtype=float32)]"
33500,-1.0,2.0,8,"[array(-1.22305051), array(-1.300527), array(0.07747649, dtype=float32)]"
34000,-1.0,2.0,8,"[array(-1.28255009), array(-1.3678099), array(0.08525982, dtype=float32)]"
34500,-0.89,2.11,9,"[array(-1.29229319), array(-1.36892471), array(0.07663152, dtype=float32)]"
35000,-1.0,2.0,11,"[array(-1.33257555), array(-1.40377773), array(0.07120218, dtype=float32)]"
35500,-1.0,2.0,8,"[array(-1.25001604), array(-1.3338113), array(0.08379526, dtype=float32)]"
36000,-0.78,2.22,9,"[array(-1.28034621), array(-1.35340118), array(0.07305497, dtype=float32)]"
36500,-1.0,2.0,9,"[array(-1.348166), array(-1.4155504), array(0.0673844, dtype=float32)]"
37000,-1.0,2.0,9,"[array(-1.3547118), array(-1.42841984), array(0.07370804, dtype=float32)]"
37500,-1.0,2.0,10,"[array(-1.23196222), array(-1.30683731), array(0.07487509, dtype=float32)]"
38000,-1.0,2.0,12,"[array(-1.32941163), array(-1.40740272), array(0.07799109, dtype=float32)]"
38500,-1.0,2.0,9,"[array(-1.23443805), array(-1.31142388), array(0.07698583, dtype=float32)]"
39000,-1.0,2.0,8,"[array(-1.21638341), array(-1.29592417), array(0.07954076, dtype=float32)]"
39500,-0.89,2.11,9,"[array(-1.29045334), array(-1.3768759), array(0.08642256, dtype=float32)]"
40000,-1.0,2.0,9,"[array(-1.35553729), array(-1.42804263), array(0.07250533, dtype=float32)]"
40500,-1.0,2.0,8,"[array(-1.18969635), array(-1.26213724), array(0.07244089, dtype=float32)]"
41000,-0.89,2.11,9,"[array(-1.20520094), array(-1.27679492), array(0.07159398, dtype=float32)]"
41500,-0.75,2.25,8,"[array(-1.18249004), array(-1.26233196), array(0.07984192, dtype=float32)]"
42000,-1.0,2.0,8,"[array(-1.2668792), array(-1.32976393), array(0.06288473, dtype=float32)]"
42500,-1.0,2.0,9,"[array(-1.23858597), array(-1.30488599), array(0.06630002, dtype=float32)]"
43000,-0.88,2.12,8,"[array(-1.15004615), array(-1.24805574), array(0.09800959, dtype=float32)]"
43500,-0.89,2.11,9,"[array(-1.2687467), array(-1.3496723), array(0.08092561, dtype=float32)]"
44000,-1.0,2.0,9,"[array(-1.2822086), array(-1.36512944), array(0.08292084, dtype=float32)]"
44500,-1.0,2.0,8,"[array(-1.36053957), array(-1.43425408), array(0.07371451, dtype=float32)]"
45000,-1.0,2.0,9,"[array(-1.17093778), array(-1.25354203), array(0.08260424, dtype=float32)]"
45500,-1.0,2.0,9,"[array(-1.31074304), array(-1.396074), array(0.08533096, dtype=float32)]"
46000,-1.0,2.0,9,"[array(-1.38109786), array(-1.45868884), array(0.07759098, dtype=float32)]"
46500,-0.8,2.2,10,"[array(-1.30545058), array(-1.39086592), array(0.08541534, dtype=float32)]"
47000,-1.0,2.0,10,"[array(-1.24166494), array(-1.32026087), array(0.07859593, dtype=float32)]"
47500,-1.0,2.0,8,"[array(-1.26062962), array(-1.3445557), array(0.08392608, dtype=float32)]"
48000,-0.9,2.1,10,"[array(-1.35287248), array(-1.42768445), array(0.07481197, dtype=float32)]"
48500,-0.78,2.22,9,"[array(-1.2898938), array(-1.35730325), array(0.06740946, dtype=float32)]"
49000,-1.0,2.0,9,"[array(-1.29782364), array(-1.36691235), array(0.06908871, dtype=float32)]"
49500,-0.7,2.3,10,"[array(-1.26739303), array(-1.3501476), array(0.08275457, dtype=float32)]"
50000,-0.89,2.11,9,"[array(-1.27146581), array(-1.33700638), array(0.06554057, dtype=float32)]"
50500,-0.9,2.1,10,"[array(-1.34726613), array(-1.41233934), array(0.06507321, dtype=float32)]"
51000,-0.8,2.2,10,"[array(-1.2920716), array(-1.36838008), array(0.07630848, dtype=float32)]"
51500,-0.8,2.2,10,"[array(-1.18925175), array(-1.27407684), array(0.08482509, dtype=float32)]"
52000,-1.0,2.0,10,"[array(-1.19370492), array(-1.27108172), array(0.0773768, dtype=float32)]"
52500,-1.0,2.0,10,"[array(-1.32213324), array(-1.40529906), array(0.08316582, dtype=float32)]"
53000,-1.0,2.0,8,"[array(-1.34867813), array(-1.41531478), array(0.06663665, dtype=float32)]"
53500,-0.88,2.12,8,"[array(-1.35471371), array(-1.43062128), array(0.07590757, dtype=float32)]"
54000,-1.0,2.0,10,"[array(-1.30105073), array(-1.37733831), array(0.07628758, dtype=float32)]"
54500,-1.0,2.0,9,"[array(-1.31706998), array(-1.38535426), array(0.06828429, dtype=float32)]"
55000,-1.0,2.0,9,"[array(-1.1610351), array(-1.24179219), array(0.08075708, dtype=float32)]"
55500,-1.0,2.0,10,"[array(-1.24361617), array(-1.31927905), array(0.07566289, dtype=float32)]"
56000,-1.0,2.0,8,"[array(-1.33969345), array(-1.41206983), array(0.07237639, dtype=float32)]"
56500,-1.0,2.0,9,"[array(-1.26043411), array(-1.3455533), array(0.08511919, dtype=float32)]"
57000,-0.78,2.22,9,"[array(-1.27315988), array(-1.35076692), array(0.07760704, dtype=float32)]"
57500,-1.0,2.0,13,"[array(-1.23395839), array(-1.3119562), array(0.0779978, dtype=float32)]"
58000,-1.0,2.0,10,"[array(-1.25522198), array(-1.3223471), array(0.06712512, dtype=float32)]"
58500,-1.0,2.0,9,"[array(-1.36192363), array(-1.42492507), array(0.06300144, dtype=float32)]"
59000,-1.0,2.0,8,"[array(-1.25299873), array(-1.35528357), array(0.10228484, dtype=float32)]"
59500,-1.0,2.0,8,"[array(-1.19821122), array(-1.27871841), array(0.08050719, dtype=float32)]"
60000,-0.89,2.11,9,"[array(-1.18002934), array(-1.25230651), array(0.07227717, dtype=float32)]"
60500,-1.0,2.0,9,"[array(-1.2603636), array(-1.34334924), array(0.08298564, dtype=float32)]"
61000,-1.0,2.0,8,"[array(-1.21863052), array(-1.29219031), array(0.07355979, dtype=float32)]"
61500,-1.0,2.0,8,"[array(-1.23471715), array(-1.31167956), array(0.07696241, dtype=float32)]"
62000,-1.0,2.0,10,"[array(-1.24661504), array(-1.31469614), array(0.0680811, dtype=float32)]"
62500,-1.0,2.0,8,"[array(-1.26365012), array(-1.32982936), array(0.06617924, dtype=float32)]"
63000,-1.0,2.0,8,"[array(-1.27919492), array(-1.36803079), array(0.08883587, dtype=float32)]"
63500,-1.0,2.0,10,"[array(-1.26560434), array(-1.35072515), array(0.08512081, dtype=float32)]"
64000,-1.0,2.0,8,"[array(-1.27495024), array(-1.34137793), array(0.06642769, dtype=float32)]"
64500,-0.9,2.1,10,"[array(-1.3397456), array(-1.41106128), array(0.07131568, dtype=float32)]"
65000,-1.0,2.0,8,"[array(-1.26375942), array(-1.33552572), array(0.07176629, dtype=float32)]"
65500,-0.8,2.2,10,"[array(-1.33393577), array(-1.41193991), array(0.07800414, dtype=float32)]"
66000,-1.0,2.0,9,"[array(-1.23701229), array(-1.31500751), array(0.07799522, dtype=float32)]"
66500,-1.0,2.0,9,"[array(-1.25209828), array(-1.33288033), array(0.08078205, dtype=float32)]"
67000,-1.0,2.0,8,"[array(-1.27062252), array(-1.34874929), array(0.07812677, dtype=float32)]"
67500,-0.75,2.25,8,"[array(-1.31265975), array(-1.3859513), array(0.07329155, dtype=float32)]"
68000,-1.0,2.0,8,"[array(-1.20090616), array(-1.27877587), array(0.07786971, dtype=float32)]"
68500,-0.89,2.11,9,"[array(-1.27200299), array(-1.35952921), array(0.08752622, dtype=float32)]"
69000,-1.0,2.0,8,"[array(-1.26489237), array(-1.34105638), array(0.07616401, dtype=float32)]"
69500,-1.0,2.0,9,"[array(-1.38192925), array(-1.4535087), array(0.07157946, dtype=float32)]"
70000,-1.0,2.0,8,"[array(-1.26188906), array(-1.34059179), array(0.07870273, dtype=float32)]"
70500,-0.78,2.22,9,"[array(-1.25602981), array(-1.3472278), array(0.09119799, dtype=float32)]"
71000,-1.0,2.0,8,"[array(-1.3068183), array(-1.38985318), array(0.08303488, dtype=float32)]"
71500,-1.0,2.0,9,"[array(-1.13354961), array(-1.19809384), array(0.06454423, dtype=float32)]"
72000,-1.0,2.0,10,"[array(-1.37585026), array(-1.43203314), array(0.05618288, dtype=float32)]"
72500,-0.89,2.11,9,"[array(-1.29592059), array(-1.39172722), array(0.09580663, dtype=float32)]"
73000,-1.0,2.0,8,"[array(-1.28895966), array(-1.35993762), array(0.07097796, dtype=float32)]"
73500,-1.0,2.0,10,"[array(-1.29786551), array(-1.37671191), array(0.0788464, dtype=float32)]"
74000,-1.0,2.0,9,"[array(-1.3330807), array(-1.41511964), array(0.08203895, dtype=float32)]"
74500,-1.0,2.0,8,"[array(-1.32099707), array(-1.39662175), array(0.07562468, dtype=float32)]"
75000,-1.0,2.0,8,"[array(-1.24645781), array(-1.32836349), array(0.08190569, dtype=float32)]"
75500,-1.0,2.0,10,"[array(-1.27288843), array(-1.35268894), array(0.07980051, dtype=float32)]"
76000,-1.0,2.0,9,"[array(-1.32338691), array(-1.40869285), array(0.08530594, dtype=float32)]"
76500,-0.78,2.22,9,"[array(-1.23612102), array(-1.30310989), array(0.06698888, dtype=float32)]"
77000,-0.88,2.12,8,"[array(-1.28747749), array(-1.37392854), array(0.08645105, dtype=float32)]"
77500,-1.0,2.0,9,"[array(-1.22237229), array(-1.30524001), array(0.08286773, dtype=float32)]"
78000,-1.0,2.0,9,"[array(-1.2847601), array(-1.36137368), array(0.07661358, dtype=float32)]"
78500,-1.0,2.0,10,"[array(-1.2749896), array(-1.35259107), array(0.07760148, dtype=float32)]"
79000,-1.0,2.0,9,"[array(-1.29360427), array(-1.37466173), array(0.08105746, dtype=float32)]"
79500,-1.0,2.0,11,"[array(-1.22375956), array(-1.30279548), array(0.07903592, dtype=float32)]"
80000,-1.0,2.0,9,"[array(-1.2331708), array(-1.3038891), array(0.0707183, dtype=float32)]"
80500,-0.9,2.1,10,"[array(-1.22564554), array(-1.30740379), array(0.08175825, dtype=float32)]"
81000,-1.0,2.0,9,"[array(-1.28919546), array(-1.35003372), array(0.06083826, dtype=float32)]"
81500,-1.0,2.0,9,"[array(-1.18282901), array(-1.27609303), array(0.09326401, dtype=float32)]"
82000,-1.0,2.0,11,"[array(-1.32433301), array(-1.3976283), array(0.07329529, dtype=float32)]"
82500,-1.0,2.0,10,"[array(-1.30830978), array(-1.38725582), array(0.07894603, dtype=float32)]"
83000,-1.0,2.0,8,"[array(-1.24766253), array(-1.32844361), array(0.08078107, dtype=float32)]"
83500,-0.88,2.12,8,"[array(-1.28417458), array(-1.35233463), array(0.06816005, dtype=float32)]"
84000,-1.0,2.0,10,"[array(-1.30626877), array(-1.37931905), array(0.07305028, dtype=float32)]"
84500,-1.0,2.0,8,"[array(-1.27098987), array(-1.34404688), array(0.07305701, dtype=float32)]"
85000,-1.0,2.0,11,"[array(-1.12191967), array(-1.1969744), array(0.07505473, dtype=float32)]"
85500,-1.0,2.0,8,"[array(-1.28694791), array(-1.3601344), array(0.07318649, dtype=float32)]"
86000,-0.9,2.1,10,"[array(-1.28020162), array(-1.35015614), array(0.06995452, dtype=float32)]"
86500,-1.0,2.0,10,"[array(-1.21667346), array(-1.28451074), array(0.06783728, dtype=float32)]"
87000,-0.88,2.12,8,"[array(-1.3687951), array(-1.45315182), array(0.08435672, dtype=float32)]"
87500,-1.0,2.0,8,"[array(-1.25752057), array(-1.34050918), array(0.08298861, dtype=float32)]"
88000,-1.0,2.0,10,"[array(-1.29829661), array(-1.36838246), array(0.07008585, dtype=float32)]"
88500,-1.0,2.0,9,"[array(-1.29715484), array(-1.37135839), array(0.07420355, dtype=float32)]"
89000,-1.0,2.0,8,"[array(-1.28746801), array(-1.3637585), array(0.07629049, dtype=float32)]"
89500,-0.91,2.09,11,"[array(-1.3770528), array(-1.45089137), array(0.07383857, dtype=float32)]"
90000,-1.0,2.0,8,"[array(-1.146355), array(-1.23666393), array(0.09030893, dtype=float32)]"
90500,-1.0,2.0,9,"[array(-1.3576023), array(-1.43350266), array(0.07590036, dtype=float32)]"
91000,-1.0,2.0,10,"[array(-1.26267778), array(-1.33571724), array(0.07303946, dtype=float32)]"
91500,-1.0,2.0,8,"[array(-1.17665596), array(-1.25813846), array(0.0814825, dtype=float32)]"
92000,-1.0,2.0,8,"[array(-1.30760426), array(-1.38435708), array(0.07675282, dtype=float32)]"
92500,-1.0,2.0,9,"[array(-1.35670967), array(-1.42921708), array(0.0725074, dtype=float32)]"
93000,-1.0,2.0,9,"[array(-1.16744926), array(-1.25104478), array(0.08359552, dtype=float32)]"
93500,-1.0,2.0,10,"[array(-1.26712415), array(-1.35462044), array(0.08749629, dtype=float32)]"
94000,-1.0,2.0,8,"[array(-1.28489001), array(-1.3615106), array(0.07662059, dtype=float32)]"
94500,-1.0,2.0,9,"[array(-1.26198448), array(-1.32910402), array(0.06711954, dtype=float32)]"
95000,-1.0,2.0,8,"[array(-1.29799949), array(-1.36907415), array(0.07107466, dtype=float32)]"
95500,-1.0,2.0,8,"[array(-1.22572368), array(-1.2944894), array(0.06876572, dtype=float32)]"
96000,-1.0,2.0,11,"[array(-1.22505097), array(-1.29382117), array(0.0687702, dtype=float32)]"
96500,-1.0,2.0,8,"[array(-1.13415006), array(-1.2086867), array(0.07453664, dtype=float32)]"
97000,-0.89,2.11,9,"[array(-1.28269782), array(-1.35932948), array(0.07663167, dtype=float32)]"
97500,-1.0,2.0,8,"[array(-1.37712469), array(-1.44558701), array(0.06846232, dtype=float32)]"
98000,-0.89,2.11,9,"[array(-1.29453425), array(-1.36874233), array(0.07420808, dtype=float32)]"
98500,-0.89,2.11,9,"[array(-1.30625347), array(-1.38812149), array(0.08186802, dtype=float32)]"
99000,-1.0,2.0,10,"[array(-1.29799049), array(-1.37113943), array(0.07314894, dtype=float32)]"
99500,-0.89,2.11,9,"[array(-1.17792455), array(-1.25941478), array(0.08149023, dtype=float32)]"
100000,-0.88,2.12,8,"[array(-1.28471073), array(-1.36881505), array(0.08410431, dtype=float32)]"
100500,-1.0,2.0,9,"[array(-1.30375287), array(-1.38560273), array(0.08184986, dtype=float32)]"
101000,-1.0,2.0,8,"[array(-1.3462043), array(-1.41456806), array(0.06836376, dtype=float32)]"
101500,-1.0,2.0,10,"[array(-1.273525), array(-1.34351414), array(0.06998914, dtype=float32)]"
102000,-1.0,2.0,9,"[array(-1.30593069), array(-1.38897625), array(0.08304556, dtype=float32)]"
102500,-1.0,2.0,8,"[array(-1.2250636), array(-1.30458727), array(0.07952368, dtype=float32)]"
103000,-1.0,2.0,8,"[array(-1.27836635), array(-1.35227262), array(0.07390627, dtype=float32)]"
103500,-1.0,2.0,9,"[array(-1.28160851), array(-1.35464603), array(0.07303752, dtype=float32)]"
104000,-0.88,2.12,8,"[array(-1.27530837), array(-1.36414656), array(0.08883818, dtype=float32)]"
104500,-1.0,2.0,8,"[array(-1.24016484), array(-1.31579694), array(0.0756321, dtype=float32)]"
105000,-0.88,2.12,8,"[array(-1.2249997), array(-1.30455019), array(0.07955049, dtype=float32)]"
105500,-1.0,2.0,8,"[array(-1.28687857), array(-1.36350645), array(0.07662788, dtype=float32)]"
106000,-0.88,2.12,8,"[array(-1.34082194), array(-1.41217229), array(0.07135035, dtype=float32)]"
106500,-0.78,2.22,9,"[array(-1.1976726), array(-1.2835717), array(0.0858991, dtype=float32)]"
107000,-0.88,2.12,8,"[array(-1.32172843), array(-1.38900869), array(0.06728026, dtype=float32)]"
107500,-0.88,2.12,8,"[array(-1.32251834), array(-1.39683725), array(0.07431891, dtype=float32)]"
108000,-0.9,2.1,10,"[array(-1.22686932), array(-1.31663218), array(0.08976287, dtype=float32)]"
108500,-1.0,2.0,8,"[array(-1.29974238), array(-1.37499856), array(0.07525618, dtype=float32)]"
109000,-0.88,2.12,8,"[array(-1.33806566), array(-1.41715008), array(0.07908442, dtype=float32)]"
109500,-1.0,2.0,8,"[array(-1.31646058), array(-1.37656773), array(0.06010715, dtype=float32)]"
110000,-1.0,2.0,8,"[array(-1.19345121), array(-1.26590711), array(0.0724559, dtype=float32)]"
110500,-0.88,2.12,8,"[array(-1.32929351), array(-1.41012744), array(0.08083393, dtype=float32)]"
111000,-1.0,2.0,9,"[array(-1.28978721), array(-1.37507082), array(0.08528361, dtype=float32)]"
111500,-1.0,2.0,9,"[array(-1.23929005), array(-1.3204093), array(0.08111925, dtype=float32)]"
112000,-1.0,2.0,9,"[array(-1.18740649), array(-1.26281794), array(0.07541145, dtype=float32)]"
112500,-1.0,2.0,8,"[array(-1.18279078), array(-1.2572283), array(0.07443752, dtype=float32)]"
113000,-1.0,2.0,11,"[array(-1.29408845), array(-1.36047942), array(0.06639097, dtype=float32)]"
113500,-1.0,2.0,8,"[array(-1.25773076), array(-1.32485086), array(0.0671201, dtype=float32)]"
114000,-1.0,2.0,9,"[array(-1.28066839), array(-1.3647387), array(0.0840703, dtype=float32)]"
114500,-1.0,2.0,8,"[array(-1.21627787), array(-1.28788253), array(0.07160465, dtype=float32)]"
115000,-1.0,2.0,10,"[array(-1.12794996), array(-1.20594375), array(0.07799379, dtype=float32)]"
115500,-1.0,2.0,10,"[array(-1.16490616), array(-1.25298728), array(0.08808111, dtype=float32)]"
116000,-0.9,2.1,10,"[array(-1.25751175), array(-1.34744064), array(0.0899289, dtype=float32)]"
116500,-1.0,2.0,10,"[array(-1.23379648), array(-1.32106719), array(0.08727071, dtype=float32)]"
117000,-1.0,2.0,8,"[array(-1.28260072), array(-1.35553176), array(0.07293104, dtype=float32)]"
117500,-1.0,2.0,10,"[array(-1.34299281), array(-1.42394251), array(0.0809497, dtype=float32)]"
118000,-1.0,2.0,8,"[array(-1.25094321), array(-1.32803867), array(0.07709546, dtype=float32)]"
118500,-1.0,2.0,10,"[array(-1.29771695), array(-1.37435965), array(0.0766427, dtype=float32)]"
119000,-1.0,2.0,9,"[array(-1.29422954), array(-1.37639979), array(0.08217024, dtype=float32)]"
119500,-0.88,2.12,8,"[array(-1.37007828), array(-1.45697337), array(0.08689509, dtype=float32)]"
120000,-1.0,2.0,8,"[array(-1.27548577), array(-1.349605), array(0.07411923, dtype=float32)]"
120500,-1.0,2.0,9,"[array(-1.25128279), array(-1.31668766), array(0.06540487, dtype=float32)]"
121000,-0.89,2.11,9,"[array(-1.19999422), array(-1.27442214), array(0.07442792, dtype=float32)]"
121500,-1.0,2.0,9,"[array(-1.24785723), array(-1.32975734), array(0.08190012, dtype=float32)]"
122000,-0.88,2.12,8,"[array(-1.31646381), array(-1.39875121), array(0.0822874, dtype=float32)]"
122500,-1.0,2.0,8,"[array(-1.3396513), array(-1.42283001), array(0.08317871, dtype=float32)]"
123000,-1.0,2.0,8,"[array(-1.36464932), array(-1.46762204), array(0.10297272, dtype=float32)]"
123500,-1.0,2.0,8,"[array(-1.12641957), array(-1.19845484), array(0.07203527, dtype=float32)]"
124000,-1.0,2.0,8,"[array(-1.24637053), array(-1.3152484), array(0.06887788, dtype=float32)]"
124500,-1.0,2.0,8,"[array(-1.22416541), array(-1.30007115), array(0.07590574, dtype=float32)]"
125000,-0.89,2.11,9,"[array(-1.30793838), array(-1.38909845), array(0.08116006, dtype=float32)]"
125500,-1.0,2.0,8,"[array(-1.29523659), array(-1.37256654), array(0.07732995, dtype=float32)]"
126000,-1.0,2.0,8,"[array(-1.23559237), array(-1.31254747), array(0.0769551, dtype=float32)]"
126500,-0.88,2.12,8,"[array(-1.27405722), array(-1.35682248), array(0.08276526, dtype=float32)]"
127000,-0.89,2.11,9,"[array(-1.21157801), array(-1.28735759), array(0.07577959, dtype=float32)]"
127500,-1.0,2.0,8,"[array(-1.25135831), array(-1.33323013), array(0.08187182, dtype=float32)]"
128000,-1.0,2.0,9,"[array(-1.30930693), array(-1.37417774), array(0.0648708, dtype=float32)]"
128500,-1.0,2.0,9,"[array(-1.28130932), array(-1.35795043), array(0.07664111, dtype=float32)]"
129000,-0.89,2.11,9,"[array(-1.17313092), array(-1.24843272), array(0.0753018, dtype=float32)]"
129500,-0.88,2.12,8,"[array(-1.22492295), array(-1.31595502), array(0.09103207, dtype=float32)]"
130000,-1.0,2.0,8,"[array(-1.21967606), array(-1.29519431), array(0.07551826, dtype=float32)]"
130500,-0.89,2.11,9,"[array(-1.26840505), array(-1.34818689), array(0.07978185, dtype=float32)]"
131000,-1.0,2.0,9,"[array(-1.24090113), array(-1.31459372), array(0.07369259, dtype=float32)]"
131500,-1.0,2.0,8,"[array(-1.30298188), array(-1.38134901), array(0.07836713, dtype=float32)]"
132000,-1.0,2.0,9,"[array(-1.22477266), array(-1.28922246), array(0.0644498, dtype=float32)]"
132500,-0.89,2.11,9,"[array(-1.25738229), array(-1.33720027), array(0.07981798, dtype=float32)]"
133000,-1.0,2.0,8,"[array(-1.34955359), array(-1.41618801), array(0.06663442, dtype=float32)]"
133500,-1.0,2.0,9,"[array(-1.15480977), array(-1.23347811), array(0.07866834, dtype=float32)]"
134000,-1.0,2.0,8,"[array(-1.36714067), array(-1.43651251), array(0.06937184, dtype=float32)]"
134500,-1.0,2.0,8,"[array(-1.31946783), array(-1.40131627), array(0.08184844, dtype=float32)]"
135000,-0.88,2.12,8,"[array(-1.32865713), array(-1.40195339), array(0.07329626, dtype=float32)]"
135500,-0.89,2.11,9,"[array(-1.31680741), array(-1.38703459), array(0.07022718, dtype=float32)]"
136000,-1.0,2.0,8,"[array(-1.27049483), array(-1.35250471), array(0.08200988, dtype=float32)]"
136500,-1.0,2.0,8,"[array(-1.32917679), array(-1.41588842), array(0.08671163, dtype=float32)]"
137000,-1.0,2.0,8,"[array(-1.32115448), array(-1.39236759), array(0.07121311, dtype=float32)]"
137500,-1.0,2.0,8,"[array(-1.22897782), array(-1.32001983), array(0.09104201, dtype=float32)]"
138000,-1.0,2.0,8,"[array(-1.22782297), array(-1.31885479), array(0.09103182, dtype=float32)]"
138500,-0.91,2.09,11,"[array(-1.24544316), array(-1.32401535), array(0.07857219, dtype=float32)]"
139000,-1.0,2.0,9,"[array(-1.23002992), array(-1.30271556), array(0.07268564, dtype=float32)]"
139500,-1.0,2.0,8,"[array(-1.29381605), array(-1.37484843), array(0.08103238, dtype=float32)]"
140000,-1.0,2.0,12,"[array(-1.19824435), array(-1.29612327), array(0.09787891, dtype=float32)]"
140500,-1.0,2.0,9,"[array(-1.32627769), array(-1.40590439), array(0.07962669, dtype=float32)]"
141000,-1.0,2.0,9,"[array(-1.10494649), array(-1.18933689), array(0.08439039, dtype=float32)]"
141500,-0.88,2.12,8,"[array(-1.36667914), array(-1.44423579), array(0.07755665, dtype=float32)]"
142000,-1.0,2.0,9,"[array(-1.26382873), array(-1.34363884), array(0.07981011, dtype=float32)]"
142500,-1.0,2.0,8,"[array(-1.30791524), array(-1.37618528), array(0.06827004, dtype=float32)]"
143000,-1.0,2.0,10,"[array(-1.22817747), array(-1.30512638), array(0.07694891, dtype=float32)]"
143500,-0.89,2.11,9,"[array(-1.24882078), array(-1.32740122), array(0.07858044, dtype=float32)]"
144000,-1.0,2.0,10,"[array(-1.3056436), array(-1.37019392), array(0.06455033, dtype=float32)]"
144500,-1.0,2.0,8,"[array(-1.21558059), array(-1.28718188), array(0.07160129, dtype=float32)]"
145000,-1.0,2.0,9,"[array(-1.24446569), array(-1.32304272), array(0.07857703, dtype=float32)]"
145500,-1.0,2.0,8,"[array(-1.29249746), array(-1.37245599), array(0.07995853, dtype=float32)]"
146000,-0.9,2.1,10,"[array(-1.33209281), array(-1.41410761), array(0.0820148, dtype=float32)]"
146500,-1.0,2.0,9,"[array(-1.31492636), array(-1.40682492), array(0.09189856, dtype=float32)]"
147000,-1.0,2.0,10,"[array(-1.25739518), array(-1.33343798), array(0.0760428, dtype=float32)]"
147500,-1.0,2.0,8,"[array(-1.3252855), array(-1.40490854), array(0.07962304, dtype=float32)]"
148000,-0.88,2.12,8,"[array(-1.32900559), array(-1.40865576), array(0.07965017, dtype=float32)]"
148500,-1.0,2.0,9,"[array(-1.24965789), array(-1.33830726), array(0.08864936, dtype=float32)]"
149000,-1.0,2.0,8,"[array(-1.31288338), array(-1.39725627), array(0.08437289, dtype=float32)]"
149500,-1.0,2.0,8,"[array(-1.31999893), array(-1.39786199), array(0.07786305, dtype=float32)]"
150000,-1.0,2.0,8,"[array(-1.30392439), array(-1.38020291), array(0.07627852, dtype=float32)]"
150500,-1.0,2.0,9,"[array(-1.25838576), array(-1.34235032), array(0.08396456, dtype=float32)]"
151000,-0.92,2.08,12,"[array(-1.18852142), array(-1.25903745), array(0.07051603, dtype=float32)]"
151500,-1.0,2.0,9,"[array(-1.32395076), array(-1.40478261), array(0.08083185, dtype=float32)]"
152000,-1.0,2.0,8,"[array(-1.2235795), array(-1.30052203), array(0.07694253, dtype=float32)]"
152500,-1.0,2.0,8,"[array(-1.24387721), array(-1.32687952), array(0.08300231, dtype=float32)]"
153000,-1.0,2.0,8,"[array(-1.32856944), array(-1.40941231), array(0.08084287, dtype=float32)]"
153500,-1.0,2.0,10,"[array(-1.33067037), array(-1.41149611), array(0.08082574, dtype=float32)]"
154000,-1.0,2.0,11,"[array(-1.27355991), array(-1.34975243), array(0.07619251, dtype=float32)]"
154500,-0.9,2.1,10,"[array(-1.27409623), array(-1.35027647), array(0.07618024, dtype=float32)]"
155000,-1.0,2.0,11,"[array(-1.25627363), array(-1.33498561), array(0.07871198, dtype=float32)]"
155500,-1.0,2.0,9,"[array(-1.30422154), array(-1.36877953), array(0.06455799, dtype=float32)]"
156000,-0.67,2.33,9,"[array(-1.31869402), array(-1.38889735), array(0.07020333, dtype=float32)]"
156500,-1.0,2.0,9,"[array(-1.2837846), array(-1.35995327), array(0.07616867, dtype=float32)]"
157000,-1.0,2.0,9,"[array(-1.15026542), array(-1.23820728), array(0.08794186, dtype=float32)]"
157500,-0.88,2.12,8,"[array(-1.23997164), array(-1.31855731), array(0.07858568, dtype=float32)]"
158000,-1.0,2.0,10,"[array(-1.12161593), array(-1.1869546), array(0.06533867, dtype=float32)]"
158500,-1.0,2.0,10,"[array(-1.31172761), array(-1.39070545), array(0.07897784, dtype=float32)]"
159000,-1.0,2.0,8,"[array(-1.14337632), array(-1.20640286), array(0.06302654, dtype=float32)]"
159500,-1.0,2.0,8,"[array(-1.3161807), array(-1.39052478), array(0.07434408, dtype=float32)]"
160000,-1.0,2.0,9,"[array(-1.30200623), array(-1.37012995), array(0.06812373, dtype=float32)]"
160500,-0.9,2.1,10,"[array(-1.30531687), array(-1.39072686), array(0.08540999, dtype=float32)]"
161000,-1.0,2.0,9,"[array(-1.22547903), array(-1.30945749), array(0.08397845, dtype=float32)]"
161500,-1.0,2.0,8,"[array(-1.28911787), array(-1.3755306), array(0.08641273, dtype=float32)]"
162000,-1.0,2.0,8,"[array(-1.27740203), array(-1.34934491), array(0.07194288, dtype=float32)]"
162500,-1.0,2.0,8,"[array(-1.19129406), array(-1.26669826), array(0.0754042, dtype=float32)]"
163000,-0.7,2.3,10,"[array(-1.27479292), array(-1.3437903), array(0.06899738, dtype=float32)]"
163500,-1.0,2.0,8,"[array(-1.29677715), array(-1.3709927), array(0.07421555, dtype=float32)]"
164000,-0.88,2.12,8,"[array(-1.22002066), array(-1.2906394), array(0.07061874, dtype=float32)]"
164500,-1.0,2.0,8,"[array(-1.24006266), array(-1.30650669), array(0.06644403, dtype=float32)]"
165000,-0.89,2.11,9,"[array(-1.33103317), array(-1.41067892), array(0.07964575, dtype=float32)]"
165500,-1.0,2.0,9,"[array(-1.19684705), array(-1.27323673), array(0.07638968, dtype=float32)]"
166000,-1.0,2.0,10,"[array(-1.24718099), array(-1.32796257), array(0.08078158, dtype=float32)]"
166500,-1.0,2.0,8,"[array(-1.33075235), array(-1.39635496), array(0.06560262, dtype=float32)]"
167000,-1.0,2.0,8,"[array(-1.30799771), array(-1.37808822), array(0.07009051, dtype=float32)]"
167500,-1.0,2.0,10,"[array(-1.26528135), array(-1.34398857), array(0.07870722, dtype=float32)]"
168000,-0.88,2.12,8,"[array(-1.25544792), array(-1.34409335), array(0.08864543, dtype=float32)]"
168500,-1.0,2.0,9,"[array(-1.30328651), array(-1.3678244), array(0.06453789, dtype=float32)]"
169000,-1.0,2.0,8,"[array(-1.289256), array(-1.36586085), array(0.07660484, dtype=float32)]"
169500,-0.9,2.1,10,"[array(-1.15705683), array(-1.23676509), array(0.07970826, dtype=float32)]"
170000,-1.0,2.0,8,"[array(-1.2097389), array(-1.278498), array(0.0687591, dtype=float32)]"
170500,-1.0,2.0,8,"[array(-1.2461635), array(-1.33608015), array(0.08991665, dtype=float32)]"
171000,-1.0,2.0,11,"[array(-1.31225684), array(-1.37711585), array(0.06485902, dtype=float32)]"
171500,-1.0,2.0,9,"[array(-1.30435052), array(-1.37544171), array(0.0710912, dtype=float32)]"
172000,-1.0,2.0,8,"[array(-1.24792008), array(-1.33911791), array(0.09119783, dtype=float32)]"
172500,-0.8,2.2,10,"[array(-1.19634392), array(-1.28573787), array(0.08939395, dtype=float32)]"
173000,-1.0,2.0,8,"[array(-1.2186), array(-1.29018452), array(0.07158452, dtype=float32)]"
173500,-0.88,2.12,8,"[array(-1.21915254), array(-1.30400141), array(0.08484887, dtype=float32)]"
174000,-1.0,2.0,9,"[array(-1.29075179), array(-1.37720341), array(0.08645162, dtype=float32)]"
174500,-1.0,2.0,9,"[array(-1.28648033), array(-1.35555274), array(0.06907241, dtype=float32)]"
175000,-1.0,2.0,8,"[array(-1.29254096), array(-1.37139958), array(0.07885862, dtype=float32)]"
175500,-1.0,2.0,9,"[array(-1.1608928), array(-1.23304964), array(0.07215684, dtype=float32)]"
176000,-1.0,2.0,9,"[array(-1.25746998), array(-1.34023869), array(0.08276871, dtype=float32)]"
176500,-1.0,2.0,8,"[array(-1.3396995), array(-1.40260463), array(0.06290513, dtype=float32)]"
177000,-1.0,2.0,9,"[array(-1.26412819), array(-1.34283137), array(0.07870317, dtype=float32)]"
177500,-1.0,2.0,10,"[array(-1.27644049), array(-1.35363777), array(0.07719728, dtype=float32)]"
178000,-1.0,2.0,11,"[array(-1.35176784), array(-1.43038219), array(0.07861435, dtype=float32)]"
178500,-1.0,2.0,8,"[array(-1.29136396), array(-1.36349081), array(0.07212685, dtype=float32)]"
179000,-0.9,2.1,10,"[array(-1.26553846), array(-1.3530304), array(0.08749194, dtype=float32)]"
179500,-0.8,2.2,10,"[array(-1.26931928), array(-1.35687368), array(0.0875544, dtype=float32)]"
180000,-1.0,2.0,9,"[array(-1.28064029), array(-1.35366543), array(0.07302514, dtype=float32)]"
180500,-1.0,2.0,8,"[array(-1.2231438), array(-1.30268992), array(0.07954612, dtype=float32)]"
181000,-1.0,2.0,8,"[array(-1.3366956), array(-1.41010775), array(0.07341214, dtype=float32)]"
181500,-1.0,2.0,8,"[array(-1.28170505), array(-1.36924486), array(0.08753981, dtype=float32)]"
182000,-0.89,2.11,9,"[array(-1.39361972), array(-1.46123585), array(0.06761613, dtype=float32)]"
182500,-1.0,2.0,9,"[array(-1.22129955), array(-1.30730374), array(0.08600418, dtype=float32)]"
183000,-0.89,2.11,9,"[array(-1.29905291), array(-1.37221932), array(0.07316641, dtype=float32)]"
183500,-0.89,2.11,9,"[array(-1.16368677), array(-1.24339957), array(0.0797128, dtype=float32)]"
184000,-1.0,2.0,8,"[array(-1.23793564), array(-1.32879876), array(0.09086312, dtype=float32)]"
184500,-0.89,2.11,9,"[array(-1.12311104), array(-1.20566944), array(0.08255839, dtype=float32)]"
185000,-1.0,2.0,9,"[array(-1.25697721), array(-1.3131092), array(0.05613199, dtype=float32)]"
185500,-1.0,2.0,9,"[array(-1.28635484), array(-1.36926745), array(0.08291262, dtype=float32)]"
186000,-1.0,2.0,8,"[array(-1.24546231), array(-1.30776357), array(0.06230126, dtype=float32)]"
186500,-1.0,2.0,9,"[array(-1.40585247), array(-1.47651474), array(0.07066227, dtype=float32)]"
187000,-1.0,2.0,9,"[array(-1.21455279), array(-1.28809844), array(0.07354564, dtype=float32)]"
187500,-1.0,2.0,8,"[array(-1.1803101), array(-1.26958256), array(0.08927246, dtype=float32)]"
188000,-1.0,2.0,9,"[array(-1.36438918), array(-1.44315914), array(0.07876996, dtype=float32)]"
188500,-1.0,2.0,12,"[array(-1.20722001), array(-1.28510012), array(0.07788011, dtype=float32)]"
189000,-1.0,2.0,8,"[array(-1.24332792), array(-1.3251746), array(0.08184668, dtype=float32)]"
189500,-1.0,2.0,10,"[array(-1.14118315), array(-1.2072336), array(0.06605045, dtype=float32)]"
190000,-1.0,2.0,8,"[array(-1.27901076), array(-1.36909385), array(0.09008309, dtype=float32)]"
190500,-1.0,2.0,8,"[array(-1.29673293), array(-1.36485664), array(0.06812371, dtype=float32)]"
191000,-0.9,2.1,10,"[array(-1.27634899), array(-1.34827919), array(0.0719302, dtype=float32)]"
191500,-1.0,2.0,11,"[array(-1.28070313), array(-1.34969661), array(0.06899349, dtype=float32)]"
192000,-0.78,2.22,9,"[array(-1.33672273), array(-1.40699782), array(0.07027509, dtype=float32)]"
192500,-1.0,2.0,10,"[array(-1.31905859), array(-1.38831383), array(0.06925524, dtype=float32)]"
193000,-0.9,2.1,10,"[array(-1.30493441), array(-1.38680853), array(0.08187412, dtype=float32)]"
193500,-1.0,2.0,8,"[array(-1.31493878), array(-1.38228124), array(0.06734246, dtype=float32)]"
194000,-1.0,2.0,11,"[array(-1.30717741), array(-1.38903676), array(0.08185935, dtype=float32)]"
194500,-1.0,2.0,8,"[array(-1.3120395), array(-1.38989643), array(0.07785693, dtype=float32)]"
195000,-1.0,2.0,8,"[array(-1.3075297), array(-1.39058806), array(0.08305836, dtype=float32)]"
195500,-1.0,2.0,9,"[array(-1.18204859), array(-1.27013293), array(0.08808434, dtype=float32)]"
196000,-0.89,2.11,9,"[array(-1.23191793), array(-1.30438059), array(0.07246266, dtype=float32)]"
196500,-0.89,2.11,9,"[array(-1.27350756), array(-1.35071965), array(0.07721209, dtype=float32)]"
197000,-1.0,2.0,9,"[array(-1.28543282), array(-1.35859889), array(0.07316607, dtype=float32)]"
197500,-1.0,2.0,9,"[array(-1.28761577), array(-1.36867054), array(0.08105477, dtype=float32)]"
198000,-0.88,2.12,8,"[array(-1.26187554), array(-1.340581), array(0.07870546, dtype=float32)]"
198500,-0.88,2.12,8,"[array(-1.28036134), array(-1.36443684), array(0.0840755, dtype=float32)]"
199000,-1.0,2.0,8,"[array(-1.14221826), array(-1.2228315), array(0.08061324, dtype=float32)]"
199500,-1.0,2.0,11,"[array(-1.25587191), array(-1.32983956), array(0.07396764, dtype=float32)]"
200000,-1.0,2.0,9,"[array(-1.21716652), array(-1.28974398), array(0.07257746, dtype=float32)]"
